,MAE,R²,Directional_Accuracy
Linear Regression,1.0274218007696911,0.8201858449254074,49.01960784313725
Ridge Regression,0.975555099729266,0.836072821722175,54.90196078431373
Random Forest,0.9074015266931972,0.8706731647514725,50.98039215686274
Gradient Boosting,0.9653384620370796,0.8572970828528839,49.01960784313725
Prophet,1.4879547022210224,0.6344373565058279,43.13725490196079
