,MAE,R²,Directional_Accuracy
Linear Regression,6.802588356422723,-0.8916529400612487,43.47826086956522
Ridge Regression,3.698221123204032,0.5472874043357085,43.47826086956522
Random Forest,2.9922536116648595,0.6647694961537194,60.86956521739131
Gradient Boosting,2.944798916232161,0.7052487654668425,69.56521739130434
Prophet,170.17302250539072,-1355.2210340543138,52.17391304347826
