,MAE,R²,Directional_Accuracy
Linear Regression,0.3916414827708144,0.968283869501335,50.25125628140703
Ridge Regression,0.3836386553574343,0.9691574725845855,50.753768844221106
Random Forest,0.4448450050354002,0.9572266093366476,48.24120603015075
Gradient Boosting,0.46539307770071603,0.9541921819061371,53.768844221105525
Prophet,0.42568320226204187,0.9652865526597985,49.246231155778894
